leadId,businessName,vertical,website,phone,email,subject,message,ctaUrl,status
"node-12734562801","All American Plumbing","plumber","https://plumbing-sandiego.net/","+1 858-842-7876","allamericanplumbingsd@gmail.com","All American Plumbing: 90% automated lead follow-up setup","Hi All American Plumbing team,

I run MYMSAF (MyMultiPlatform Set-and-Forget) for plumber businesses in San Diego.
We deploy a no-call, mostly automated pipeline for lead response, follow-up, and client reporting.

If useful, I can send a short async audit and projected weekly lift with zero meetings.
Reply YES and I will send the setup outline + pricing.

Dante | MYMSAF","https://www.mymultiplatform.com/set_and_forget/","pending"
"node-7722508689","Carmel Mtn Ranch Dental Care","dentist","https://cmrdentalcare.com/","+1-858-487-6453","CMRdentalcare@gmail.com","Carmel Mtn Ranch Dental Care: 90% automated lead follow-up setup","Hi Carmel Mtn Ranch Dental Care team,

I run MYMSAF (MyMultiPlatform Set-and-Forget) for dentist businesses in San Diego.
We deploy a no-call, mostly automated pipeline for lead response, follow-up, and client reporting.

If useful, I can send a short async audit and projected weekly lift with zero meetings.
Reply YES and I will send the setup outline + pricing.

Dante | MYMSAF","https://www.mymultiplatform.com/set_and_forget/","pending"
"node-6618029711","Chula Vista Repiping","plumber","https://integrityrepipe.com/chula-vista/","+1-619-313-5744","4repipe@gmail.com","Chula Vista Repiping: 90% automated lead follow-up setup","Hi Chula Vista Repiping team,

I run MYMSAF (MyMultiPlatform Set-and-Forget) for plumber businesses in San Diego.
We deploy a no-call, mostly automated pipeline for lead response, follow-up, and client reporting.

If useful, I can send a short async audit and projected weekly lift with zero meetings.
Reply YES and I will send the setup outline + pricing.

Dante | MYMSAF","https://www.mymultiplatform.com/set_and_forget/","pending"
"node-6283807349","Del Mar Endodontics","dentist","https://www.delmarendo.com/","+1-858-792-8201","contact@delmarendo.com","Del Mar Endodontics: 90% automated lead follow-up setup","Hi Del Mar Endodontics team,

I run MYMSAF (MyMultiPlatform Set-and-Forget) for dentist businesses in San Diego.
We deploy a no-call, mostly automated pipeline for lead response, follow-up, and client reporting.

If useful, I can send a short async audit and projected weekly lift with zero meetings.
Reply YES and I will send the setup outline + pricing.

Dante | MYMSAF","https://www.mymultiplatform.com/set_and_forget/","pending"
"node-7569931248","Integrity Repipe Inc","plumber","https://www.integrityrepipe.com/lakeside/","+1-619-494-3507","4repipe@gmail.com","Integrity Repipe Inc: 90% automated lead follow-up setup","Hi Integrity Repipe Inc team,

I run MYMSAF (MyMultiPlatform Set-and-Forget) for plumber businesses in San Diego.
We deploy a no-call, mostly automated pipeline for lead response, follow-up, and client reporting.

If useful, I can send a short async audit and projected weekly lift with zero meetings.
Reply YES and I will send the setup outline + pricing.

Dante | MYMSAF","https://www.mymultiplatform.com/set_and_forget/","pending"
"node-9523676651","My Plumber CA","plumber","https://myplumberca.com","+1-619-447-5556","WeCare@MyPlumber.com","My Plumber CA: 90% automated lead follow-up setup","Hi My Plumber CA team,

I run MYMSAF (MyMultiPlatform Set-and-Forget) for plumber businesses in San Diego.
We deploy a no-call, mostly automated pipeline for lead response, follow-up, and client reporting.

If useful, I can send a short async audit and projected weekly lift with zero meetings.
Reply YES and I will send the setup outline + pricing.

Dante | MYMSAF","https://www.mymultiplatform.com/set_and_forget/","pending"
"node-5870511646","Omnitek Dental Ceramics","dentist","http://www.omnitekdental.com/","+1-619-420-0323","info@omnitekdental.com","Omnitek Dental Ceramics: 90% automated lead follow-up setup","Hi Omnitek Dental Ceramics team,

I run MYMSAF (MyMultiPlatform Set-and-Forget) for dentist businesses in San Diego.
We deploy a no-call, mostly automated pipeline for lead response, follow-up, and client reporting.

If useful, I can send a short async audit and projected weekly lift with zero meetings.
Reply YES and I will send the setup outline + pricing.

Dante | MYMSAF","https://www.mymultiplatform.com/set_and_forget/","pending"
"node-9678584147","Pure Aesthetic Dentistry","dentist","https://pureaestheticdentistry.com/","+16198310003","contact@pureaestheticdentistry.com","Pure Aesthetic Dentistry: 90% automated lead follow-up setup","Hi Pure Aesthetic Dentistry team,

I run MYMSAF (MyMultiPlatform Set-and-Forget) for dentist businesses in San Diego.
We deploy a no-call, mostly automated pipeline for lead response, follow-up, and client reporting.

If useful, I can send a short async audit and projected weekly lift with zero meetings.
Reply YES and I will send the setup outline + pricing.

Dante | MYMSAF","https://www.mymultiplatform.com/set_and_forget/","pending"
"node-2769574259","San Diego Smile Dentistry","dentist","https://www.sd-smile.com/","+1 619 7376453","sdsmiledentist@gmail.com","San Diego Smile Dentistry: 90% automated lead follow-up setup","Hi San Diego Smile Dentistry team,

I run MYMSAF (MyMultiPlatform Set-and-Forget) for dentist businesses in San Diego.
We deploy a no-call, mostly automated pipeline for lead response, follow-up, and client reporting.

If useful, I can send a short async audit and projected weekly lift with zero meetings.
Reply YES and I will send the setup outline + pricing.

Dante | MYMSAF","https://www.mymultiplatform.com/set_and_forget/","pending"
"node-9440551281","Smile Plus Dentistry","dentist","https://smileplusdds.com/mira-mesa","+1 858 536 5550","miramesa@smileplusdds.com","Smile Plus Dentistry: 90% automated lead follow-up setup","Hi Smile Plus Dentistry team,

I run MYMSAF (MyMultiPlatform Set-and-Forget) for dentist businesses in San Diego.
We deploy a no-call, mostly automated pipeline for lead response, follow-up, and client reporting.

If useful, I can send a short async audit and projected weekly lift with zero meetings.
Reply YES and I will send the setup outline + pricing.

Dante | MYMSAF","https://www.mymultiplatform.com/set_and_forget/","pending"
"node-12676209970","Verday Smart Solutions","plumber","https://verdaysmartsolutions.com/","+1 858-477-3866","verdaysmart@gmail.com","Verday Smart Solutions: 90% automated lead follow-up setup","Hi Verday Smart Solutions team,

I run MYMSAF (MyMultiPlatform Set-and-Forget) for plumber businesses in San Diego.
We deploy a no-call, mostly automated pipeline for lead response, follow-up, and client reporting.

If useful, I can send a short async audit and projected weekly lift with zero meetings.
Reply YES and I will send the setup outline + pricing.

Dante | MYMSAF","https://www.mymultiplatform.com/set_and_forget/","pending"
"node-5144565100","Armstrong & Associates","real_estate","https://armstrongestates.com/","+1-858-229-8752","todd3778@gmail.com","Armstrong & Associates: 90% automated lead follow-up setup","Hi Armstrong & Associates team,

I run MYMSAF (MyMultiPlatform Set-and-Forget) for real estate businesses in San Diego.
We deploy a no-call, mostly automated pipeline for lead response, follow-up, and client reporting.

If useful, I can send a short async audit and projected weekly lift with zero meetings.
Reply YES and I will send the setup outline + pricing.

Dante | MYMSAF","https://www.mymultiplatform.com/set_and_forget/","pending"
"node-12497637215","Barely There Beauty Bar","med_spa","https://www.barelytheresd.com/","+1-619-880-0046","barelytheresd@gmail.com","Barely There Beauty Bar: 90% automated lead follow-up setup","Hi Barely There Beauty Bar team,

I run MYMSAF (MyMultiPlatform Set-and-Forget) for med spa businesses in San Diego.
We deploy a no-call, mostly automated pipeline for lead response, follow-up, and client reporting.

If useful, I can send a short async audit and projected weekly lift with zero meetings.
Reply YES and I will send the setup outline + pricing.

Dante | MYMSAF","https://www.mymultiplatform.com/set_and_forget/","pending"
"node-596324137","Casa By Craft","real_estate","https://www.casabycraft.com","+1-619-994-0045","contact@casabycraft.com","Casa By Craft: 90% automated lead follow-up setup","Hi Casa By Craft team,

I run MYMSAF (MyMultiPlatform Set-and-Forget) for real estate businesses in San Diego.
We deploy a no-call, mostly automated pipeline for lead response, follow-up, and client reporting.

If useful, I can send a short async audit and projected weekly lift with zero meetings.
Reply YES and I will send the setup outline + pricing.

Dante | MYMSAF","https://www.mymultiplatform.com/set_and_forget/","pending"
"node-10920768139","HD Skincare & Lashes","med_spa","https://haleydiedrich.glossgenius.com/","+1 619 402 5909","hdskincare21@gmail.com","HD Skincare & Lashes: 90% automated lead follow-up setup","Hi HD Skincare & Lashes team,

I run MYMSAF (MyMultiPlatform Set-and-Forget) for med spa businesses in San Diego.
We deploy a no-call, mostly automated pipeline for lead response, follow-up, and client reporting.

If useful, I can send a short async audit and projected weekly lift with zero meetings.
Reply YES and I will send the setup outline + pricing.

Dante | MYMSAF","https://www.mymultiplatform.com/set_and_forget/","pending"
"node-596448390","Jeremy Root San Diego Realtor®","real_estate","https://www.jeremyroot.com/","+1-858-531-3395","jerermy@jeremyroot.com","Jeremy Root San Diego Realtor®: 90% automated lead follow-up setup","Hi Jeremy Root San Diego Realtor® team,

I run MYMSAF (MyMultiPlatform Set-and-Forget) for real estate businesses in San Diego.
We deploy a no-call, mostly automated pipeline for lead response, follow-up, and client reporting.

If useful, I can send a short async audit and projected weekly lift with zero meetings.
Reply YES and I will send the setup outline + pricing.

Dante | MYMSAF","https://www.mymultiplatform.com/set_and_forget/","pending"
"node-13555685940","McT Real Estate Group","real_estate","https://www.mctrealestategroup.com/","+1-619-736-7003","info@mctrealestategroup.com","McT Real Estate Group: 90% automated lead follow-up setup","Hi McT Real Estate Group team,

I run MYMSAF (MyMultiPlatform Set-and-Forget) for real estate businesses in San Diego.
We deploy a no-call, mostly automated pipeline for lead response, follow-up, and client reporting.

If useful, I can send a short async audit and projected weekly lift with zero meetings.
Reply YES and I will send the setup outline + pricing.

Dante | MYMSAF","https://www.mymultiplatform.com/set_and_forget/","pending"
"node-2993393933","Medarts Weight Loss Specialists","med_clinic","https://Medartsweightloss.com","+1-619-866-3333","Info@medartsweightloss.com","Medarts Weight Loss Specialists: 90% automated lead follow-up setup","Hi Medarts Weight Loss Specialists team,

I run MYMSAF (MyMultiPlatform Set-and-Forget) for med clinic businesses in San Diego.
We deploy a no-call, mostly automated pipeline for lead response, follow-up, and client reporting.

If useful, I can send a short async audit and projected weekly lift with zero meetings.
Reply YES and I will send the setup outline + pricing.

Dante | MYMSAF","https://www.mymultiplatform.com/set_and_forget/","pending"
"node-12829538101","Reflections Salon & Day Spa","med_spa","http://reflectionssalonwebsite.com","+1-619-334-2240","gingerreflections@gmail.com","Reflections Salon & Day Spa: 90% automated lead follow-up setup","Hi Reflections Salon & Day Spa team,

I run MYMSAF (MyMultiPlatform Set-and-Forget) for med spa businesses in San Diego.
We deploy a no-call, mostly automated pipeline for lead response, follow-up, and client reporting.

If useful, I can send a short async audit and projected weekly lift with zero meetings.
Reply YES and I will send the setup outline + pricing.

Dante | MYMSAF","https://www.mymultiplatform.com/set_and_forget/","pending"
"node-12091896572","Reproductive Wellness","med_clinic","https://reproductivewellness.com/","+1-858-381-2281","frontdesk@reproductivewellness.com","Reproductive Wellness: 90% automated lead follow-up setup","Hi Reproductive Wellness team,

I run MYMSAF (MyMultiPlatform Set-and-Forget) for med clinic businesses in San Diego.
We deploy a no-call, mostly automated pipeline for lead response, follow-up, and client reporting.

If useful, I can send a short async audit and projected weekly lift with zero meetings.
Reply YES and I will send the setup outline + pricing.

Dante | MYMSAF","https://www.mymultiplatform.com/set_and_forget/","pending"
"node-10113857462","Restore SD Plastic Surgery: Katerina Gallus, MD, FACS","med_clinic","https://restoresdplasticsurgery.com/","+1 858-224-2281","info@restoresdplasticsurgery.com","Restore SD Plastic Surgery: Katerina Gallus, MD, FACS: 90% automated lead follow-up setup","Hi Restore SD Plastic Surgery: Katerina Gallus, MD, FACS team,

I run MYMSAF (MyMultiPlatform Set-and-Forget) for med clinic businesses in San Diego.
We deploy a no-call, mostly automated pipeline for lead response, follow-up, and client reporting.

If useful, I can send a short async audit and projected weekly lift with zero meetings.
Reply YES and I will send the setup outline + pricing.

Dante | MYMSAF","https://www.mymultiplatform.com/set_and_forget/","pending"
"node-4865734055","The Secret Vein Clinic","med_clinic","https://thesecretveinclinic.com/","+1-8584123353","info@thesecretveinclinic.com","The Secret Vein Clinic: 90% automated lead follow-up setup","Hi The Secret Vein Clinic team,

I run MYMSAF (MyMultiPlatform Set-and-Forget) for med clinic businesses in San Diego.
We deploy a no-call, mostly automated pipeline for lead response, follow-up, and client reporting.

If useful, I can send a short async audit and projected weekly lift with zero meetings.
Reply YES and I will send the setup outline + pricing.

Dante | MYMSAF","https://www.mymultiplatform.com/set_and_forget/","pending"
"way-31842544","A. O. Reed and Company","plumber","https://aoreed.com/","+1-858-565-4131","info@aoreed.com","A. O. Reed and Company: 90% automated lead follow-up setup","Hi A. O. Reed and Company team,

I run MYMSAF (MyMultiPlatform Set-and-Forget) for plumber businesses in San Diego.
We deploy a no-call, mostly automated pipeline for lead response, follow-up, and client reporting.

If useful, I can send a short async audit and projected weekly lift with zero meetings.
Reply YES and I will send the setup outline + pricing.

Dante | MYMSAF","https://www.mymultiplatform.com/set_and_forget/","pending"
"node-6311883429","Ace Contractors Plumbing, Heating, And Air","plumber","https://www.plumbing-heating-air-experts.com/","+1 858 480 6618","","Ace Contractors Plumbing, Heating, And Air: 90% automated lead follow-up setup","Hi Ace Contractors Plumbing, Heating, And Air team,

I run MYMSAF (MyMultiPlatform Set-and-Forget) for plumber businesses in San Diego.
We deploy a no-call, mostly automated pipeline for lead response, follow-up, and client reporting.

If useful, I can send a short async audit and projected weekly lift with zero meetings.
Reply YES and I will send the setup outline + pricing.

Dante | MYMSAF","https://www.mymultiplatform.com/set_and_forget/","pending"
"node-9414338726","Aero Dentistry Of San Diego","dentist","https://aerodentistry.com/","+1-858-277-2999","info@aerodentistry.com","Aero Dentistry Of San Diego: 90% automated lead follow-up setup","Hi Aero Dentistry Of San Diego team,

I run MYMSAF (MyMultiPlatform Set-and-Forget) for dentist businesses in San Diego.
We deploy a no-call, mostly automated pipeline for lead response, follow-up, and client reporting.

If useful, I can send a short async audit and projected weekly lift with zero meetings.
Reply YES and I will send the setup outline + pricing.

Dante | MYMSAF","https://www.mymultiplatform.com/set_and_forget/","pending"
"node-9270946571","Anderson Plumbing, Heating & Air","plumber","https://www.andersonplumbingheatingandair.com","+1-619-866-4996","","Anderson Plumbing, Heating & Air: 90% automated lead follow-up setup","Hi Anderson Plumbing, Heating & Air team,

I run MYMSAF (MyMultiPlatform Set-and-Forget) for plumber businesses in San Diego.
We deploy a no-call, mostly automated pipeline for lead response, follow-up, and client reporting.

If useful, I can send a short async audit and projected weekly lift with zero meetings.
Reply YES and I will send the setup outline + pricing.

Dante | MYMSAF","https://www.mymultiplatform.com/set_and_forget/","pending"
"node-13585620065","Baja Dental Smile","dentist","https://www.mexdentalimplants.com","","hello@mexdentalimplants.com","Baja Dental Smile: 90% automated lead follow-up setup","Hi Baja Dental Smile team,

I run MYMSAF (MyMultiPlatform Set-and-Forget) for dentist businesses in San Diego.
We deploy a no-call, mostly automated pipeline for lead response, follow-up, and client reporting.

If useful, I can send a short async audit and projected weekly lift with zero meetings.
Reply YES and I will send the setup outline + pricing.

Dante | MYMSAF","https://www.mymultiplatform.com/set_and_forget/","pending"
"node-9270946572","Bill Howe Plumbing, Heating & Air, Restoration & Flood Services","plumber","https://www.billhowe.com/","+1-858-630-8505","","Bill Howe Plumbing, Heating & Air, Restoration & Flood Services: 90% automated lead follow-up setup","Hi Bill Howe Plumbing, Heating & Air, Restoration & Flood Services team,

I run MYMSAF (MyMultiPlatform Set-and-Forget) for plumber businesses in San Diego.
We deploy a no-call, mostly automated pipeline for lead response, follow-up, and client reporting.

If useful, I can send a short async audit and projected weekly lift with zero meetings.
Reply YES and I will send the setup outline + pricing.

Dante | MYMSAF","https://www.mymultiplatform.com/set_and_forget/","pending"
"node-9270946573","Bill Howe Plumbing, Heating and Air Conditioning, Restoration and Flood","plumber","https://www.billhowe.com/","+1-858-630-8393","","Bill Howe Plumbing, Heating and Air Conditioning, Restoration and Flood: 90% automated lead follow-up setup","Hi Bill Howe Plumbing, Heating and Air Conditioning, Restoration and Flood team,

I run MYMSAF (MyMultiPlatform Set-and-Forget) for plumber businesses in San Diego.
We deploy a no-call, mostly automated pipeline for lead response, follow-up, and client reporting.

If useful, I can send a short async audit and projected weekly lift with zero meetings.
Reply YES and I will send the setup outline + pricing.

Dante | MYMSAF","https://www.mymultiplatform.com/set_and_forget/","pending"
"node-8855566586","Bright Now! Dental","dentist","https://www.brightnow.com/dentist-near-me/el-cajon-dentist/51050","+1-619-212-7959","","Bright Now! Dental: 90% automated lead follow-up setup","Hi Bright Now! Dental team,

I run MYMSAF (MyMultiPlatform Set-and-Forget) for dentist businesses in San Diego.
We deploy a no-call, mostly automated pipeline for lead response, follow-up, and client reporting.

If useful, I can send a short async audit and projected weekly lift with zero meetings.
Reply YES and I will send the setup outline + pricing.

Dante | MYMSAF","https://www.mymultiplatform.com/set_and_forget/","pending"
"node-12145134201","Carmel Valley Dentist Office","dentist","https://www.carmelvalleydentistoffice.com","+1 858-251-1407","","Carmel Valley Dentist Office: 90% automated lead follow-up setup","Hi Carmel Valley Dentist Office team,

I run MYMSAF (MyMultiPlatform Set-and-Forget) for dentist businesses in San Diego.
We deploy a no-call, mostly automated pipeline for lead response, follow-up, and client reporting.

If useful, I can send a short async audit and projected weekly lift with zero meetings.
Reply YES and I will send the setup outline + pricing.

Dante | MYMSAF","https://www.mymultiplatform.com/set_and_forget/","pending"
"node-11980951869","Children's Dentistry of San Diego","dentist","https://starrysmilez.com","+1-858-536-1111","contact@starrysmilez.com","Children's Dentistry of San Diego: 90% automated lead follow-up setup","Hi Children's Dentistry of San Diego team,

I run MYMSAF (MyMultiPlatform Set-and-Forget) for dentist businesses in San Diego.
We deploy a no-call, mostly automated pipeline for lead response, follow-up, and client reporting.

If useful, I can send a short async audit and projected weekly lift with zero meetings.
Reply YES and I will send the setup outline + pricing.

Dante | MYMSAF","https://www.mymultiplatform.com/set_and_forget/","pending"
"node-5870511642","Chula Vista Smiles","dentist","https://chulavista-smiles.com/","+1-619-427-1315","","Chula Vista Smiles: 90% automated lead follow-up setup","Hi Chula Vista Smiles team,

I run MYMSAF (MyMultiPlatform Set-and-Forget) for dentist businesses in San Diego.
We deploy a no-call, mostly automated pipeline for lead response, follow-up, and client reporting.

If useful, I can send a short async audit and projected weekly lift with zero meetings.
Reply YES and I will send the setup outline + pricing.

Dante | MYMSAF","https://www.mymultiplatform.com/set_and_forget/","pending"
"node-9203987420","Ciampoli Plumbing","plumber","https://www.ciampoliplumbing.com/","+1-619-439-7153","info@ciampoliplumbing.com","Ciampoli Plumbing: 90% automated lead follow-up setup","Hi Ciampoli Plumbing team,

I run MYMSAF (MyMultiPlatform Set-and-Forget) for plumber businesses in San Diego.
We deploy a no-call, mostly automated pipeline for lead response, follow-up, and client reporting.

If useful, I can send a short async audit and projected weekly lift with zero meetings.
Reply YES and I will send the setup outline + pricing.

Dante | MYMSAF","https://www.mymultiplatform.com/set_and_forget/","pending"
"way-31809757","Coast Dental Care","dentist","http://www.coastdentalcare.net/","+1-619-265-0072","","Coast Dental Care: 90% automated lead follow-up setup","Hi Coast Dental Care team,

I run MYMSAF (MyMultiPlatform Set-and-Forget) for dentist businesses in San Diego.
We deploy a no-call, mostly automated pipeline for lead response, follow-up, and client reporting.

If useful, I can send a short async audit and projected weekly lift with zero meetings.
Reply YES and I will send the setup outline + pricing.

Dante | MYMSAF","https://www.mymultiplatform.com/set_and_forget/","pending"
"node-11110907806","College Grove Dentistry","dentist","https://www.collegegrovedentistry.com","+1-619-363-3881","","College Grove Dentistry: 90% automated lead follow-up setup","Hi College Grove Dentistry team,

I run MYMSAF (MyMultiPlatform Set-and-Forget) for dentist businesses in San Diego.
We deploy a no-call, mostly automated pipeline for lead response, follow-up, and client reporting.

If useful, I can send a short async audit and projected weekly lift with zero meetings.
Reply YES and I will send the setup outline + pricing.

Dante | MYMSAF","https://www.mymultiplatform.com/set_and_forget/","pending"
"node-9411532272","Collins Pacific Plumbing, Inc.","plumber","https://www.collinspacific.com/","+1-858-361-4140","","Collins Pacific Plumbing, Inc.: 90% automated lead follow-up setup","Hi Collins Pacific Plumbing, Inc. team,

I run MYMSAF (MyMultiPlatform Set-and-Forget) for plumber businesses in San Diego.
We deploy a no-call, mostly automated pipeline for lead response, follow-up, and client reporting.

If useful, I can send a short async audit and projected weekly lift with zero meetings.
Reply YES and I will send the setup outline + pricing.

Dante | MYMSAF","https://www.mymultiplatform.com/set_and_forget/","pending"
"way-962989616","Collins Plumbing, Inc.","plumber","https://collinsplumbing.com/","+1-619-469-0800","officeadmin@collinsplumbing.com","Collins Plumbing, Inc.: 90% automated lead follow-up setup","Hi Collins Plumbing, Inc. team,

I run MYMSAF (MyMultiPlatform Set-and-Forget) for plumber businesses in San Diego.
We deploy a no-call, mostly automated pipeline for lead response, follow-up, and client reporting.

If useful, I can send a short async audit and projected weekly lift with zero meetings.
Reply YES and I will send the setup outline + pricing.

Dante | MYMSAF","https://www.mymultiplatform.com/set_and_forget/","pending"
"node-12128842939","Convoy Dental","dentist","https://www.convoydental.com","+1 858-223-9632;+1 858-569-1100","","Convoy Dental: 90% automated lead follow-up setup","Hi Convoy Dental team,

I run MYMSAF (MyMultiPlatform Set-and-Forget) for dentist businesses in San Diego.
We deploy a no-call, mostly automated pipeline for lead response, follow-up, and client reporting.

If useful, I can send a short async audit and projected weekly lift with zero meetings.
Reply YES and I will send the setup outline + pricing.

Dante | MYMSAF","https://www.mymultiplatform.com/set_and_forget/","pending"
"node-11542189040","Core Plumbing","plumber","https://www.coreplumbingsd.com/lakeside/","+1-619-633-2140","info@coreplumbingsd.com","Core Plumbing: 90% automated lead follow-up setup","Hi Core Plumbing team,

I run MYMSAF (MyMultiPlatform Set-and-Forget) for plumber businesses in San Diego.
We deploy a no-call, mostly automated pipeline for lead response, follow-up, and client reporting.

If useful, I can send a short async audit and projected weekly lift with zero meetings.
Reply YES and I will send the setup outline + pricing.

Dante | MYMSAF","https://www.mymultiplatform.com/set_and_forget/","pending"
"node-9968736672","El Cajon Family Dental","dentist","http://elcajonfamilydental.com/","+1 619 466 1292","","El Cajon Family Dental: 90% automated lead follow-up setup","Hi El Cajon Family Dental team,

I run MYMSAF (MyMultiPlatform Set-and-Forget) for dentist businesses in San Diego.
We deploy a no-call, mostly automated pipeline for lead response, follow-up, and client reporting.

If useful, I can send a short async audit and projected weekly lift with zero meetings.
Reply YES and I will send the setup outline + pricing.

Dante | MYMSAF","https://www.mymultiplatform.com/set_and_forget/","pending"
"node-6321267779","Estrella Dental Implant & Cosmetic Center","dentist","https://www.estrelladental.com/","+1-619-397-4111","","Estrella Dental Implant & Cosmetic Center: 90% automated lead follow-up setup","Hi Estrella Dental Implant & Cosmetic Center team,

I run MYMSAF (MyMultiPlatform Set-and-Forget) for dentist businesses in San Diego.
We deploy a no-call, mostly automated pipeline for lead response, follow-up, and client reporting.

If useful, I can send a short async audit and projected weekly lift with zero meetings.
Reply YES and I will send the setup outline + pricing.

Dante | MYMSAF","https://www.mymultiplatform.com/set_and_forget/","pending"
"node-12508670604","Greyling Dental","dentist","https://www.greylingdental.com","+1 858-292-1155","greylingdental@gmail.com","Greyling Dental: 90% automated lead follow-up setup","Hi Greyling Dental team,

I run MYMSAF (MyMultiPlatform Set-and-Forget) for dentist businesses in San Diego.
We deploy a no-call, mostly automated pipeline for lead response, follow-up, and client reporting.

If useful, I can send a short async audit and projected weekly lift with zero meetings.
Reply YES and I will send the setup outline + pricing.

Dante | MYMSAF","https://www.mymultiplatform.com/set_and_forget/","pending"
"node-9185141771","Helix Mechanical Inc","plumber","https://helixmechanical.com/","+1-619-447-6675","service@helixmechanical.com","Helix Mechanical Inc: 90% automated lead follow-up setup","Hi Helix Mechanical Inc team,

I run MYMSAF (MyMultiPlatform Set-and-Forget) for plumber businesses in San Diego.
We deploy a no-call, mostly automated pipeline for lead response, follow-up, and client reporting.

If useful, I can send a short async audit and projected weekly lift with zero meetings.
Reply YES and I will send the setup outline + pricing.

Dante | MYMSAF","https://www.mymultiplatform.com/set_and_forget/","pending"
"node-11247917476","Ideal Plumbing Heating Air Electrical","plumber","https://idealservice.com/","+1 619 583 7963","ideal@idealService.com","Ideal Plumbing Heating Air Electrical: 90% automated lead follow-up setup","Hi Ideal Plumbing Heating Air Electrical team,

I run MYMSAF (MyMultiPlatform Set-and-Forget) for plumber businesses in San Diego.
We deploy a no-call, mostly automated pipeline for lead response, follow-up, and client reporting.

If useful, I can send a short async audit and projected weekly lift with zero meetings.
Reply YES and I will send the setup outline + pricing.

Dante | MYMSAF","https://www.mymultiplatform.com/set_and_forget/","pending"
"node-12356671875","Impression Dental Group","dentist","https://www.impressiondentalgroup.com","+1 858-578-4677","","Impression Dental Group: 90% automated lead follow-up setup","Hi Impression Dental Group team,

I run MYMSAF (MyMultiPlatform Set-and-Forget) for dentist businesses in San Diego.
We deploy a no-call, mostly automated pipeline for lead response, follow-up, and client reporting.

If useful, I can send a short async audit and projected weekly lift with zero meetings.
Reply YES and I will send the setup outline + pricing.

Dante | MYMSAF","https://www.mymultiplatform.com/set_and_forget/","pending"
"way-31843079","J Geyer Plumbing","plumber","https://jgeyerplumbing.com/","+1-858-755-1811","office@jgeyerplumbing.com","J Geyer Plumbing: 90% automated lead follow-up setup","Hi J Geyer Plumbing team,

I run MYMSAF (MyMultiPlatform Set-and-Forget) for plumber businesses in San Diego.
We deploy a no-call, mostly automated pipeline for lead response, follow-up, and client reporting.

If useful, I can send a short async audit and projected weekly lift with zero meetings.
Reply YES and I will send the setup outline + pricing.

Dante | MYMSAF","https://www.mymultiplatform.com/set_and_forget/","pending"
"node-12260054260","Jagruti Patel, D.D.S. Family Dentistry","dentist","https://www.jpateldds.com","+1 858-792-2511","jpateldds2000@gmail.com","Jagruti Patel, D.D.S. Family Dentistry: 90% automated lead follow-up setup","Hi Jagruti Patel, D.D.S. Family Dentistry team,

I run MYMSAF (MyMultiPlatform Set-and-Forget) for dentist businesses in San Diego.
We deploy a no-call, mostly automated pipeline for lead response, follow-up, and client reporting.

If useful, I can send a short async audit and projected weekly lift with zero meetings.
Reply YES and I will send the setup outline + pricing.

Dante | MYMSAF","https://www.mymultiplatform.com/set_and_forget/","pending"
"node-4578719697","Korel Family Dentistry","dentist","https://dentistelcajon.com/","+1-619-444-3393","","Korel Family Dentistry: 90% automated lead follow-up setup","Hi Korel Family Dentistry team,

I run MYMSAF (MyMultiPlatform Set-and-Forget) for dentist businesses in San Diego.
We deploy a no-call, mostly automated pipeline for lead response, follow-up, and client reporting.

If useful, I can send a short async audit and projected weekly lift with zero meetings.
Reply YES and I will send the setup outline + pricing.

Dante | MYMSAF","https://www.mymultiplatform.com/set_and_forget/","pending"
"node-276540980","La Jolla Colony Dental","dentist","https://lajollacolonydental.com","+1-858-546-8600","office@lajollacolonydental.com","La Jolla Colony Dental: 90% automated lead follow-up setup","Hi La Jolla Colony Dental team,

I run MYMSAF (MyMultiPlatform Set-and-Forget) for dentist businesses in San Diego.
We deploy a no-call, mostly automated pipeline for lead response, follow-up, and client reporting.

If useful, I can send a short async audit and projected weekly lift with zero meetings.
Reply YES and I will send the setup outline + pricing.

Dante | MYMSAF","https://www.mymultiplatform.com/set_and_forget/","pending"
"node-13479585253","La Jolla Dental","dentist","https://lajolladental.org/","+1-858-935-8589","","La Jolla Dental: 90% automated lead follow-up setup","Hi La Jolla Dental team,

I run MYMSAF (MyMultiPlatform Set-and-Forget) for dentist businesses in San Diego.
We deploy a no-call, mostly automated pipeline for lead response, follow-up, and client reporting.

If useful, I can send a short async audit and projected weekly lift with zero meetings.
Reply YES and I will send the setup outline + pricing.

Dante | MYMSAF","https://www.mymultiplatform.com/set_and_forget/","pending"
"node-12208941458","La Jolla Dental Image","dentist","https://lajolladentalimage.com","+1 858-202-0481","","La Jolla Dental Image: 90% automated lead follow-up setup","Hi La Jolla Dental Image team,

I run MYMSAF (MyMultiPlatform Set-and-Forget) for dentist businesses in San Diego.
We deploy a no-call, mostly automated pipeline for lead response, follow-up, and client reporting.

If useful, I can send a short async audit and projected weekly lift with zero meetings.
Reply YES and I will send the setup outline + pricing.

Dante | MYMSAF","https://www.mymultiplatform.com/set_and_forget/","pending"
"node-13318445984","Lemon Grove Dental","dentist","https://lemongrovedental.com","+1-619-697-9501","","Lemon Grove Dental: 90% automated lead follow-up setup","Hi Lemon Grove Dental team,

I run MYMSAF (MyMultiPlatform Set-and-Forget) for dentist businesses in San Diego.
We deploy a no-call, mostly automated pipeline for lead response, follow-up, and client reporting.

If useful, I can send a short async audit and projected weekly lift with zero meetings.
Reply YES and I will send the setup outline + pricing.

Dante | MYMSAF","https://www.mymultiplatform.com/set_and_forget/","pending"
"way-958889258","Mark A. Kretz, D.D.S.","dentist","https://www.markkretzdds.com/","+1-619-222-0531","","Mark A. Kretz, D.D.S.: 90% automated lead follow-up setup","Hi Mark A. Kretz, D.D.S. team,

I run MYMSAF (MyMultiPlatform Set-and-Forget) for dentist businesses in San Diego.
We deploy a no-call, mostly automated pipeline for lead response, follow-up, and client reporting.

If useful, I can send a short async audit and projected weekly lift with zero meetings.
Reply YES and I will send the setup outline + pricing.

Dante | MYMSAF","https://www.mymultiplatform.com/set_and_forget/","pending"
"node-9409191260","Mr. Rooter","plumber","https://mrrooter.com/san-diego-county/","+1-858-278-7600","","Mr. Rooter: 90% automated lead follow-up setup","Hi Mr. Rooter team,

I run MYMSAF (MyMultiPlatform Set-and-Forget) for plumber businesses in San Diego.
We deploy a no-call, mostly automated pipeline for lead response, follow-up, and client reporting.

If useful, I can send a short async audit and projected weekly lift with zero meetings.
Reply YES and I will send the setup outline + pricing.

Dante | MYMSAF","https://www.mymultiplatform.com/set_and_forget/","pending"
"node-3017460778","My Plumber CA","plumber","https://www.myplumberca.com/","+1-619-447-5556","","My Plumber CA: 90% automated lead follow-up setup","Hi My Plumber CA team,

I run MYMSAF (MyMultiPlatform Set-and-Forget) for plumber businesses in San Diego.
We deploy a no-call, mostly automated pipeline for lead response, follow-up, and client reporting.

If useful, I can send a short async audit and projected weekly lift with zero meetings.
Reply YES and I will send the setup outline + pricing.

Dante | MYMSAF","https://www.mymultiplatform.com/set_and_forget/","pending"
"node-12425573320","Naples Dental","dentist","https://www.naplesdental.com","+1-619-425-5323","","Naples Dental: 90% automated lead follow-up setup","Hi Naples Dental team,

I run MYMSAF (MyMultiPlatform Set-and-Forget) for dentist businesses in San Diego.
We deploy a no-call, mostly automated pipeline for lead response, follow-up, and client reporting.

If useful, I can send a short async audit and projected weekly lift with zero meetings.
Reply YES and I will send the setup outline + pricing.

Dante | MYMSAF","https://www.mymultiplatform.com/set_and_forget/","pending"
"node-13569267410","Nimmi Shine Dental","dentist","https://nimmishinedental.com","+1 858 999-8550","","Nimmi Shine Dental: 90% automated lead follow-up setup","Hi Nimmi Shine Dental team,

I run MYMSAF (MyMultiPlatform Set-and-Forget) for dentist businesses in San Diego.
We deploy a no-call, mostly automated pipeline for lead response, follow-up, and client reporting.

If useful, I can send a short async audit and projected weekly lift with zero meetings.
Reply YES and I will send the setup outline + pricing.

Dante | MYMSAF","https://www.mymultiplatform.com/set_and_forget/","pending"
"node-10604574591","North County Orthopedic Medical Group","dentist","https://northcountyomg.com","+1-858-457-4040","","North County Orthopedic Medical Group: 90% automated lead follow-up setup","Hi North County Orthopedic Medical Group team,

I run MYMSAF (MyMultiPlatform Set-and-Forget) for dentist businesses in San Diego.
We deploy a no-call, mostly automated pipeline for lead response, follow-up, and client reporting.

If useful, I can send a short async audit and projected weekly lift with zero meetings.
Reply YES and I will send the setup outline + pricing.

Dante | MYMSAF","https://www.mymultiplatform.com/set_and_forget/","pending"
"node-9684712979","Pacific Beach Family Dental","dentist","https://pbfamilydental.com","+1 858-270-1922","","Pacific Beach Family Dental: 90% automated lead follow-up setup","Hi Pacific Beach Family Dental team,

I run MYMSAF (MyMultiPlatform Set-and-Forget) for dentist businesses in San Diego.
We deploy a no-call, mostly automated pipeline for lead response, follow-up, and client reporting.

If useful, I can send a short async audit and projected weekly lift with zero meetings.
Reply YES and I will send the setup outline + pricing.

Dante | MYMSAF","https://www.mymultiplatform.com/set_and_forget/","pending"
"node-12756677819","Palm Dental Group","dentist","https://www.palmdentalgroup.com","+1-619-460-1991","support@TOTO88.com","Palm Dental Group: 90% automated lead follow-up setup","Hi Palm Dental Group team,

I run MYMSAF (MyMultiPlatform Set-and-Forget) for dentist businesses in San Diego.
We deploy a no-call, mostly automated pipeline for lead response, follow-up, and client reporting.

If useful, I can send a short async audit and projected weekly lift with zero meetings.
Reply YES and I will send the setup outline + pricing.

Dante | MYMSAF","https://www.mymultiplatform.com/set_and_forget/","pending"
"node-2222955809","Pearl Cosmetic DDS","dentist","https://www.pearlcosmeticdds.com/","+1-858-513-1747","CS@PearlCosmeticDDS.com","Pearl Cosmetic DDS: 90% automated lead follow-up setup","Hi Pearl Cosmetic DDS team,

I run MYMSAF (MyMultiPlatform Set-and-Forget) for dentist businesses in San Diego.
We deploy a no-call, mostly automated pipeline for lead response, follow-up, and client reporting.

If useful, I can send a short async audit and projected weekly lift with zero meetings.
Reply YES and I will send the setup outline + pricing.

Dante | MYMSAF","https://www.mymultiplatform.com/set_and_forget/","pending"
"node-6036755254","Perfect Smiles California","dentist","https://www.perfectsmilescalifornia.com/","+1-619-656-4199","perfectsmilescalifornia@gmail.com","Perfect Smiles California: 90% automated lead follow-up setup","Hi Perfect Smiles California team,

I run MYMSAF (MyMultiPlatform Set-and-Forget) for dentist businesses in San Diego.
We deploy a no-call, mostly automated pipeline for lead response, follow-up, and client reporting.

If useful, I can send a short async audit and projected weekly lift with zero meetings.
Reply YES and I will send the setup outline + pricing.

Dante | MYMSAF","https://www.mymultiplatform.com/set_and_forget/","pending"
"node-12653491370","Pierce Family Dentistry","dentist","https://www.piercefamilydental.com/","+1-858-484-3300","","Pierce Family Dentistry: 90% automated lead follow-up setup","Hi Pierce Family Dentistry team,

I run MYMSAF (MyMultiPlatform Set-and-Forget) for dentist businesses in San Diego.
We deploy a no-call, mostly automated pipeline for lead response, follow-up, and client reporting.

If useful, I can send a short async audit and projected weekly lift with zero meetings.
Reply YES and I will send the setup outline + pricing.

Dante | MYMSAF","https://www.mymultiplatform.com/set_and_forget/","pending"
"node-11960784598","Point Loma Electric and Plumbing","plumber","https://www.pointlomaelectric.com/","+1 619-738-3101","","Point Loma Electric and Plumbing: 90% automated lead follow-up setup","Hi Point Loma Electric and Plumbing team,

I run MYMSAF (MyMultiPlatform Set-and-Forget) for plumber businesses in San Diego.
We deploy a no-call, mostly automated pipeline for lead response, follow-up, and client reporting.

If useful, I can send a short async audit and projected weekly lift with zero meetings.
Reply YES and I will send the setup outline + pricing.

Dante | MYMSAF","https://www.mymultiplatform.com/set_and_forget/","pending"
"node-12301559857","Point Loma Electric, Plumbing, Drains, and Water Heaters","plumber","https://www.pointlomaelectric.com/","+1-619-432-6175","","Point Loma Electric, Plumbing, Drains, and Water Heaters: 90% automated lead follow-up setup","Hi Point Loma Electric, Plumbing, Drains, and Water Heaters team,

I run MYMSAF (MyMultiPlatform Set-and-Forget) for plumber businesses in San Diego.
We deploy a no-call, mostly automated pipeline for lead response, follow-up, and client reporting.

If useful, I can send a short async audit and projected weekly lift with zero meetings.
Reply YES and I will send the setup outline + pricing.

Dante | MYMSAF","https://www.mymultiplatform.com/set_and_forget/","pending"
"node-12653491360","PQ Family Dental","dentist","https://www.pqfamilydental.com/","+1-858-484-9222","","PQ Family Dental: 90% automated lead follow-up setup","Hi PQ Family Dental team,

I run MYMSAF (MyMultiPlatform Set-and-Forget) for dentist businesses in San Diego.
We deploy a no-call, mostly automated pipeline for lead response, follow-up, and client reporting.

If useful, I can send a short async audit and projected weekly lift with zero meetings.
Reply YES and I will send the setup outline + pricing.

Dante | MYMSAF","https://www.mymultiplatform.com/set_and_forget/","pending"
"node-8851450227","RSD Dental Group & Orthodontics","dentist","https://www.rsddentalgroup.com","+1-619-660-2424","","RSD Dental Group & Orthodontics: 90% automated lead follow-up setup","Hi RSD Dental Group & Orthodontics team,

I run MYMSAF (MyMultiPlatform Set-and-Forget) for dentist businesses in San Diego.
We deploy a no-call, mostly automated pipeline for lead response, follow-up, and client reporting.

If useful, I can send a short async audit and projected weekly lift with zero meetings.
Reply YES and I will send the setup outline + pricing.

Dante | MYMSAF","https://www.mymultiplatform.com/set_and_forget/","pending"
"node-10661145899","San Diego Dental Center","dentist","https://www.sandiegodentalcenter.com/","+1-619-462-8550","","San Diego Dental Center: 90% automated lead follow-up setup","Hi San Diego Dental Center team,

I run MYMSAF (MyMultiPlatform Set-and-Forget) for dentist businesses in San Diego.
We deploy a no-call, mostly automated pipeline for lead response, follow-up, and client reporting.

If useful, I can send a short async audit and projected weekly lift with zero meetings.
Reply YES and I will send the setup outline + pricing.

Dante | MYMSAF","https://www.mymultiplatform.com/set_and_forget/","pending"
"node-8851530503","Singing Hills Dentistry","dentist","https://implantdentistelcajon.com/","+1-619-670-5133","singinghillsdentistry@gmail.com","Singing Hills Dentistry: 90% automated lead follow-up setup","Hi Singing Hills Dentistry team,

I run MYMSAF (MyMultiPlatform Set-and-Forget) for dentist businesses in San Diego.
We deploy a no-call, mostly automated pipeline for lead response, follow-up, and client reporting.

If useful, I can send a short async audit and projected weekly lift with zero meetings.
Reply YES and I will send the setup outline + pricing.

Dante | MYMSAF","https://www.mymultiplatform.com/set_and_forget/","pending"
"node-12136805301","Smile Dental of San Diego","dentist","https://smiledentalservices.com/","+1-619-462-2272","","Smile Dental of San Diego: 90% automated lead follow-up setup","Hi Smile Dental of San Diego team,

I run MYMSAF (MyMultiPlatform Set-and-Forget) for dentist businesses in San Diego.
We deploy a no-call, mostly automated pipeline for lead response, follow-up, and client reporting.

If useful, I can send a short async audit and projected weekly lift with zero meetings.
Reply YES and I will send the setup outline + pricing.

Dante | MYMSAF","https://www.mymultiplatform.com/set_and_forget/","pending"
"node-10835627098","Socal Plumber Experts","plumber","https://www.socalplumberexperts.com/","+1 619 704 0525","","Socal Plumber Experts: 90% automated lead follow-up setup","Hi Socal Plumber Experts team,

I run MYMSAF (MyMultiPlatform Set-and-Forget) for plumber businesses in San Diego.
We deploy a no-call, mostly automated pipeline for lead response, follow-up, and client reporting.

If useful, I can send a short async audit and projected weekly lift with zero meetings.
Reply YES and I will send the setup outline + pricing.

Dante | MYMSAF","https://www.mymultiplatform.com/set_and_forget/","pending"
"node-5737498536","Sorrento Valley Dental Group","dentist","https://www.sorrentovalleydental.com/","+1-858-558-2121","","Sorrento Valley Dental Group: 90% automated lead follow-up setup","Hi Sorrento Valley Dental Group team,

I run MYMSAF (MyMultiPlatform Set-and-Forget) for dentist businesses in San Diego.
We deploy a no-call, mostly automated pipeline for lead response, follow-up, and client reporting.

If useful, I can send a short async audit and projected weekly lift with zero meetings.
Reply YES and I will send the setup outline + pricing.

Dante | MYMSAF","https://www.mymultiplatform.com/set_and_forget/","pending"
"node-8840489122","Sun Valley Dental Care","dentist","https://sunvalleydentalcare.com","+1-619-413-1121","","Sun Valley Dental Care: 90% automated lead follow-up setup","Hi Sun Valley Dental Care team,

I run MYMSAF (MyMultiPlatform Set-and-Forget) for dentist businesses in San Diego.
We deploy a no-call, mostly automated pipeline for lead response, follow-up, and client reporting.

If useful, I can send a short async audit and projected weekly lift with zero meetings.
Reply YES and I will send the setup outline + pricing.

Dante | MYMSAF","https://www.mymultiplatform.com/set_and_forget/","pending"
"node-12985368243","Sunset Cliffs Plumbing, Water Heater Repair & Drain Cleaning","plumber","https://www.sunsetcliffsplumbing.com","+1 858-544-0742","John@sunsetcliffsplumbing.com","Sunset Cliffs Plumbing, Water Heater Repair & Drain Cleaning: 90% automated lead follow-up setup","Hi Sunset Cliffs Plumbing, Water Heater Repair & Drain Cleaning team,

I run MYMSAF (MyMultiPlatform Set-and-Forget) for plumber businesses in San Diego.
We deploy a no-call, mostly automated pipeline for lead response, follow-up, and client reporting.

If useful, I can send a short async audit and projected weekly lift with zero meetings.
Reply YES and I will send the setup outline + pricing.

Dante | MYMSAF","https://www.mymultiplatform.com/set_and_forget/","pending"
"node-12653491376","The Dental Orchid","dentist","https://thedentalorchid.com/","+1-858-538-5280","info@thedentalorchid.com","The Dental Orchid: 90% automated lead follow-up setup","Hi The Dental Orchid team,

I run MYMSAF (MyMultiPlatform Set-and-Forget) for dentist businesses in San Diego.
We deploy a no-call, mostly automated pipeline for lead response, follow-up, and client reporting.

If useful, I can send a short async audit and projected weekly lift with zero meetings.
Reply YES and I will send the setup outline + pricing.

Dante | MYMSAF","https://www.mymultiplatform.com/set_and_forget/","pending"
"node-5870511647","Town Centre Dental Group","dentist","https://tcdentalgroupchulavista.com/","+1-619-427-9440","tcdentalgroup@gmail.com","Town Centre Dental Group: 90% automated lead follow-up setup","Hi Town Centre Dental Group team,

I run MYMSAF (MyMultiPlatform Set-and-Forget) for dentist businesses in San Diego.
We deploy a no-call, mostly automated pipeline for lead response, follow-up, and client reporting.

If useful, I can send a short async audit and projected weekly lift with zero meetings.
Reply YES and I will send the setup outline + pricing.

Dante | MYMSAF","https://www.mymultiplatform.com/set_and_forget/","pending"
"node-12142984151","Walnut Avenue Dentistry","dentist","https://sddentistry.com","+1 619-291-1181","dr@sddentistry.com","Walnut Avenue Dentistry: 90% automated lead follow-up setup","Hi Walnut Avenue Dentistry team,

I run MYMSAF (MyMultiPlatform Set-and-Forget) for dentist businesses in San Diego.
We deploy a no-call, mostly automated pipeline for lead response, follow-up, and client reporting.

If useful, I can send a short async audit and projected weekly lift with zero meetings.
Reply YES and I will send the setup outline + pricing.

Dante | MYMSAF","https://www.mymultiplatform.com/set_and_forget/","pending"
"node-596157925","Western Dental","dentist","https://www.westerndental.com/en-us/find-a-location/california/san-diego/3802-clairemont-mesa-boulevard/","+1-858-200-7308","corporate@westerndental.com","Western Dental: 90% automated lead follow-up setup","Hi Western Dental team,

I run MYMSAF (MyMultiPlatform Set-and-Forget) for dentist businesses in San Diego.
We deploy a no-call, mostly automated pipeline for lead response, follow-up, and client reporting.

If useful, I can send a short async audit and projected weekly lift with zero meetings.
Reply YES and I will send the setup outline + pricing.

Dante | MYMSAF","https://www.mymultiplatform.com/set_and_forget/","pending"
"node-12724457522","Western Dental","dentist","https://www.westerndental.com/en-us/find-a-location/california/lemon-grove/7046-broadway","+1-619-419-1298","corporate@westerndental.com","Western Dental: 90% automated lead follow-up setup","Hi Western Dental team,

I run MYMSAF (MyMultiPlatform Set-and-Forget) for dentist businesses in San Diego.
We deploy a no-call, mostly automated pipeline for lead response, follow-up, and client reporting.

If useful, I can send a short async audit and projected weekly lift with zero meetings.
Reply YES and I will send the setup outline + pricing.

Dante | MYMSAF","https://www.mymultiplatform.com/set_and_forget/","pending"
"node-10650737460","8910 Villa La Jolla Drive - Imaging Services","med_clinic","https://health.ucsd.edu/locations/Pages/8910-villa-la-jolla-drive.aspx","+1 619-543-3405","","8910 Villa La Jolla Drive - Imaging Services: 90% automated lead follow-up setup","Hi 8910 Villa La Jolla Drive - Imaging Services team,

I run MYMSAF (MyMultiPlatform Set-and-Forget) for med clinic businesses in San Diego.
We deploy a no-call, mostly automated pipeline for lead response, follow-up, and client reporting.

If useful, I can send a short async audit and projected weekly lift with zero meetings.
Reply YES and I will send the setup outline + pricing.

Dante | MYMSAF","https://www.mymultiplatform.com/set_and_forget/","pending"
"node-10650737457","8910 Villa La Jolla Drive - Lab Services","med_clinic","https://health.ucsd.edu/specialties/lab/Pages/default.aspx","+1 858-657-8690","","8910 Villa La Jolla Drive - Lab Services: 90% automated lead follow-up setup","Hi 8910 Villa La Jolla Drive - Lab Services team,

I run MYMSAF (MyMultiPlatform Set-and-Forget) for med clinic businesses in San Diego.
We deploy a no-call, mostly automated pipeline for lead response, follow-up, and client reporting.

If useful, I can send a short async audit and projected weekly lift with zero meetings.
Reply YES and I will send the setup outline + pricing.

Dante | MYMSAF","https://www.mymultiplatform.com/set_and_forget/","pending"
"node-10650737459","8910 Villa La Jolla Drive - Pediatrics","med_clinic","https://health.ucsd.edu/locations/Pages/8910-villa-la-jolla-drive.aspx","+1 858-203-4962","","8910 Villa La Jolla Drive - Pediatrics: 90% automated lead follow-up setup","Hi 8910 Villa La Jolla Drive - Pediatrics team,

I run MYMSAF (MyMultiPlatform Set-and-Forget) for med clinic businesses in San Diego.
We deploy a no-call, mostly automated pipeline for lead response, follow-up, and client reporting.

If useful, I can send a short async audit and projected weekly lift with zero meetings.
Reply YES and I will send the setup outline + pricing.

Dante | MYMSAF","https://www.mymultiplatform.com/set_and_forget/","pending"
"node-12106720389","Alchemē","med_spa","https://alchemehealth.com","+1 858-299-4990","","Alchemē: 90% automated lead follow-up setup","Hi Alchemē team,

I run MYMSAF (MyMultiPlatform Set-and-Forget) for med spa businesses in San Diego.
We deploy a no-call, mostly automated pipeline for lead response, follow-up, and client reporting.

If useful, I can send a short async audit and projected weekly lift with zero meetings.
Reply YES and I will send the setup outline + pricing.

Dante | MYMSAF","https://www.mymultiplatform.com/set_and_forget/","pending"
"node-12281098009","Altura Mental Health","med_clinic","https://alturamentalhealth.com/","","info@alturamentalhealth.com","Altura Mental Health: 90% automated lead follow-up setup","Hi Altura Mental Health team,

I run MYMSAF (MyMultiPlatform Set-and-Forget) for med clinic businesses in San Diego.
We deploy a no-call, mostly automated pipeline for lead response, follow-up, and client reporting.

If useful, I can send a short async audit and projected weekly lift with zero meetings.
Reply YES and I will send the setup outline + pricing.

Dante | MYMSAF","https://www.mymultiplatform.com/set_and_forget/","pending"
"node-5185425049","Aumann Bender & Associates","real_estate","https://www.luxurysocalrealty.com","+1-760-212-2717","hello@luxurysocalrealty.com","Aumann Bender & Associates: 90% automated lead follow-up setup","Hi Aumann Bender & Associates team,

I run MYMSAF (MyMultiPlatform Set-and-Forget) for real estate businesses in San Diego.
We deploy a no-call, mostly automated pipeline for lead response, follow-up, and client reporting.

If useful, I can send a short async audit and projected weekly lift with zero meetings.
Reply YES and I will send the setup outline + pricing.

Dante | MYMSAF","https://www.mymultiplatform.com/set_and_forget/","pending"
"node-8032920082","Blueprint Homes","real_estate","https://blueprinthomes.com/","+1 619-631-4863","","Blueprint Homes: 90% automated lead follow-up setup","Hi Blueprint Homes team,

I run MYMSAF (MyMultiPlatform Set-and-Forget) for real estate businesses in San Diego.
We deploy a no-call, mostly automated pipeline for lead response, follow-up, and client reporting.

If useful, I can send a short async audit and projected weekly lift with zero meetings.
Reply YES and I will send the setup outline + pricing.

Dante | MYMSAF","https://www.mymultiplatform.com/set_and_forget/","pending"
"node-5716490155","Boudoir Nail Bar","med_spa","https://www.boudoirnailbar.com/","+1-619-934-8124","","Boudoir Nail Bar: 90% automated lead follow-up setup","Hi Boudoir Nail Bar team,

I run MYMSAF (MyMultiPlatform Set-and-Forget) for med spa businesses in San Diego.
We deploy a no-call, mostly automated pipeline for lead response, follow-up, and client reporting.

If useful, I can send a short async audit and projected weekly lift with zero meetings.
Reply YES and I will send the setup outline + pricing.

Dante | MYMSAF","https://www.mymultiplatform.com/set_and_forget/","pending"
"node-6838146389","Branch Health Clinic NBSD","med_clinic","https://www.med.navy.mil/sites/nmcsd/Pages/Patients/NBHC-NBSD-Medical.aspx","+1-619-556-8101","","Branch Health Clinic NBSD: 90% automated lead follow-up setup","Hi Branch Health Clinic NBSD team,

I run MYMSAF (MyMultiPlatform Set-and-Forget) for med clinic businesses in San Diego.
We deploy a no-call, mostly automated pipeline for lead response, follow-up, and client reporting.

If useful, I can send a short async audit and projected weekly lift with zero meetings.
Reply YES and I will send the setup outline + pricing.

Dante | MYMSAF","https://www.mymultiplatform.com/set_and_forget/","pending"
"way-31843329","Concentra Urgent Care","med_clinic","https://www.concentra.com/urgent-care-centers/california/bay-area/kearny-mesa-urgent-care/","+1-858-277-2744","","Concentra Urgent Care: 90% automated lead follow-up setup","Hi Concentra Urgent Care team,

I run MYMSAF (MyMultiPlatform Set-and-Forget) for med clinic businesses in San Diego.
We deploy a no-call, mostly automated pipeline for lead response, follow-up, and client reporting.

If useful, I can send a short async audit and projected weekly lift with zero meetings.
Reply YES and I will send the setup outline + pricing.

Dante | MYMSAF","https://www.mymultiplatform.com/set_and_forget/","pending"
"node-4798653388","Crawford Glam","med_spa","https://crawfordglam.com","+1-858-230-7574","info@crawfordglam.com","Crawford Glam: 90% automated lead follow-up setup","Hi Crawford Glam team,

I run MYMSAF (MyMultiPlatform Set-and-Forget) for med spa businesses in San Diego.
We deploy a no-call, mostly automated pipeline for lead response, follow-up, and client reporting.

If useful, I can send a short async audit and projected weekly lift with zero meetings.
Reply YES and I will send the setup outline + pricing.

Dante | MYMSAF","https://www.mymultiplatform.com/set_and_forget/","pending"
"node-10780254770","Crystal's Nails & Spa","med_spa","https://crystalnailslakeside.com/p/indoor-service","+1-619-390-4326","","Crystal's Nails & Spa: 90% automated lead follow-up setup","Hi Crystal's Nails & Spa team,

I run MYMSAF (MyMultiPlatform Set-and-Forget) for med spa businesses in San Diego.
We deploy a no-call, mostly automated pipeline for lead response, follow-up, and client reporting.

If useful, I can send a short async audit and projected weekly lift with zero meetings.
Reply YES and I will send the setup outline + pricing.

Dante | MYMSAF","https://www.mymultiplatform.com/set_and_forget/","pending"
"node-10775676703","Dermal Fillers Botox La Jolla: Dr. Godin, MD","med_clinic","https://www.drgodin.com/botox-la-jolla","+1 858-247-6045","","Dermal Fillers Botox La Jolla: Dr. Godin, MD: 90% automated lead follow-up setup","Hi Dermal Fillers Botox La Jolla: Dr. Godin, MD team,

I run MYMSAF (MyMultiPlatform Set-and-Forget) for med clinic businesses in San Diego.
We deploy a no-call, mostly automated pipeline for lead response, follow-up, and client reporting.

If useful, I can send a short async audit and projected weekly lift with zero meetings.
Reply YES and I will send the setup outline + pricing.

Dante | MYMSAF","https://www.mymultiplatform.com/set_and_forget/","pending"
"node-9530955232","European Wax Center","med_spa","https://locations.waxcenter.com/ca/chulavista/chula-vista-terra-nova-0241.html","+1-619-420-2929","","European Wax Center: 90% automated lead follow-up setup","Hi European Wax Center team,

I run MYMSAF (MyMultiPlatform Set-and-Forget) for med spa businesses in San Diego.
We deploy a no-call, mostly automated pipeline for lead response, follow-up, and client reporting.

If useful, I can send a short async audit and projected weekly lift with zero meetings.
Reply YES and I will send the setup outline + pricing.

Dante | MYMSAF","https://www.mymultiplatform.com/set_and_forget/","pending"
"node-9366051445","Eva Nails","med_spa","https://evanailselcajon.com/","+1-619-660-9299","","Eva Nails: 90% automated lead follow-up setup","Hi Eva Nails team,

I run MYMSAF (MyMultiPlatform Set-and-Forget) for med spa businesses in San Diego.
We deploy a no-call, mostly automated pipeline for lead response, follow-up, and client reporting.

If useful, I can send a short async audit and projected weekly lift with zero meetings.
Reply YES and I will send the setup outline + pricing.

Dante | MYMSAF","https://www.mymultiplatform.com/set_and_forget/","pending"
"way-212475763","Evening Creek Rental Condominiums","real_estate","https://www.eveningcreek.info/","+1 855 839 3849","","Evening Creek Rental Condominiums: 90% automated lead follow-up setup","Hi Evening Creek Rental Condominiums team,

I run MYMSAF (MyMultiPlatform Set-and-Forget) for real estate businesses in San Diego.
We deploy a no-call, mostly automated pipeline for lead response, follow-up, and client reporting.

If useful, I can send a short async audit and projected weekly lift with zero meetings.
Reply YES and I will send the setup outline + pricing.

Dante | MYMSAF","https://www.mymultiplatform.com/set_and_forget/","pending"
"node-358845947","First Avenue Family Planning Michelle Wagner Center","med_clinic","https://www.plannedparenthood.org/health-center/california/san-diego/92101/first-avenue-family-planning-michelle-wagner-center-4037-90110","+1 888 743 7526","","First Avenue Family Planning Michelle Wagner Center: 90% automated lead follow-up setup","Hi First Avenue Family Planning Michelle Wagner Center team,

I run MYMSAF (MyMultiPlatform Set-and-Forget) for med clinic businesses in San Diego.
We deploy a no-call, mostly automated pipeline for lead response, follow-up, and client reporting.

If useful, I can send a short async audit and projected weekly lift with zero meetings.
Reply YES and I will send the setup outline + pricing.

Dante | MYMSAF","https://www.mymultiplatform.com/set_and_forget/","pending"
"node-8849316447","Fresenius Kidney Care Fletcher Parkway","med_clinic","https://www.freseniuskidneycare.com/dialysis-centers/california/7192","+1-619-442-4122","","Fresenius Kidney Care Fletcher Parkway: 90% automated lead follow-up setup","Hi Fresenius Kidney Care Fletcher Parkway team,

I run MYMSAF (MyMultiPlatform Set-and-Forget) for med clinic businesses in San Diego.
We deploy a no-call, mostly automated pipeline for lead response, follow-up, and client reporting.

If useful, I can send a short async audit and projected weekly lift with zero meetings.
Reply YES and I will send the setup outline + pricing.

Dante | MYMSAF","https://www.mymultiplatform.com/set_and_forget/","pending"
"node-5251472059","Healthy Hair Nectar","med_spa","https://healthyhairnectar.com/","+1-858-336-3999","","Healthy Hair Nectar: 90% automated lead follow-up setup","Hi Healthy Hair Nectar team,

I run MYMSAF (MyMultiPlatform Set-and-Forget) for med spa businesses in San Diego.
We deploy a no-call, mostly automated pipeline for lead response, follow-up, and client reporting.

If useful, I can send a short async audit and projected weekly lift with zero meetings.
Reply YES and I will send the setup outline + pricing.

Dante | MYMSAF","https://www.mymultiplatform.com/set_and_forget/","pending"
"node-8105023855","Infinity Electrolysis","med_spa","https://www.infinityelectrolysis.com/","+1 858-621-3440","","Infinity Electrolysis: 90% automated lead follow-up setup","Hi Infinity Electrolysis team,

I run MYMSAF (MyMultiPlatform Set-and-Forget) for med spa businesses in San Diego.
We deploy a no-call, mostly automated pipeline for lead response, follow-up, and client reporting.

If useful, I can send a short async audit and projected weekly lift with zero meetings.
Reply YES and I will send the setup outline + pricing.

Dante | MYMSAF","https://www.mymultiplatform.com/set_and_forget/","pending"
"node-8855150215","iPolish San Diego","med_spa","https://ipolishsandiego.com/","+1 619 255 1423","","iPolish San Diego: 90% automated lead follow-up setup","Hi iPolish San Diego team,

I run MYMSAF (MyMultiPlatform Set-and-Forget) for med spa businesses in San Diego.
We deploy a no-call, mostly automated pipeline for lead response, follow-up, and client reporting.

If useful, I can send a short async audit and projected weekly lift with zero meetings.
Reply YES and I will send the setup outline + pricing.

Dante | MYMSAF","https://www.mymultiplatform.com/set_and_forget/","pending"
"node-11150421504","IWC Primary Care, An Innovative Wellness Clinic","med_clinic","https://www.iwcprimarycare.com/","+1 858-648-0755","NP.Lily@iwcprimarycare.com","IWC Primary Care, An Innovative Wellness Clinic: 90% automated lead follow-up setup","Hi IWC Primary Care, An Innovative Wellness Clinic team,

I run MYMSAF (MyMultiPlatform Set-and-Forget) for med clinic businesses in San Diego.
We deploy a no-call, mostly automated pipeline for lead response, follow-up, and client reporting.

If useful, I can send a short async audit and projected weekly lift with zero meetings.
Reply YES and I will send the setup outline + pricing.

Dante | MYMSAF","https://www.mymultiplatform.com/set_and_forget/","pending"
"node-8840551525","Jamacha Urgent Medical Center","med_clinic","https://www.sharp.com/san-diego-doctors/dr-linda-rouel-82319","+1-619-456-9340","","Jamacha Urgent Medical Center: 90% automated lead follow-up setup","Hi Jamacha Urgent Medical Center team,

I run MYMSAF (MyMultiPlatform Set-and-Forget) for med clinic businesses in San Diego.
We deploy a no-call, mostly automated pipeline for lead response, follow-up, and client reporting.

If useful, I can send a short async audit and projected weekly lift with zero meetings.
Reply YES and I will send the setup outline + pricing.

Dante | MYMSAF","https://www.mymultiplatform.com/set_and_forget/","pending"
"way-712431463","Kaiser Permanente - El Cajon Medical Offices","med_clinic","https://healthy.kaiserpermanente.org/southern-california/facilities/El-Cajon-Medical-Offices-100133","+1 619 528 5000","","Kaiser Permanente - El Cajon Medical Offices: 90% automated lead follow-up setup","Hi Kaiser Permanente - El Cajon Medical Offices team,

I run MYMSAF (MyMultiPlatform Set-and-Forget) for med clinic businesses in San Diego.
We deploy a no-call, mostly automated pipeline for lead response, follow-up, and client reporting.

If useful, I can send a short async audit and projected weekly lift with zero meetings.
Reply YES and I will send the setup outline + pricing.

Dante | MYMSAF","https://www.mymultiplatform.com/set_and_forget/","pending"
"way-749064291","King-Chavez Health Center","med_clinic","https://www.syhealth.org/clinics/king-chavez-health-center","+1-619-662-4100","","King-Chavez Health Center: 90% automated lead follow-up setup","Hi King-Chavez Health Center team,

I run MYMSAF (MyMultiPlatform Set-and-Forget) for med clinic businesses in San Diego.
We deploy a no-call, mostly automated pipeline for lead response, follow-up, and client reporting.

If useful, I can send a short async audit and projected weekly lift with zero meetings.
Reply YES and I will send the setup outline + pricing.

Dante | MYMSAF","https://www.mymultiplatform.com/set_and_forget/","pending"
"node-5483048438","La Jolla Cosmetic Surgery Centre","med_clinic","https://www.ljcsc.com/","+1 858 452 1981","","La Jolla Cosmetic Surgery Centre: 90% automated lead follow-up setup","Hi La Jolla Cosmetic Surgery Centre team,

I run MYMSAF (MyMultiPlatform Set-and-Forget) for med clinic businesses in San Diego.
We deploy a no-call, mostly automated pipeline for lead response, follow-up, and client reporting.

If useful, I can send a short async audit and projected weekly lift with zero meetings.
Reply YES and I will send the setup outline + pricing.

Dante | MYMSAF","https://www.mymultiplatform.com/set_and_forget/","pending"
"node-10684141564","LifeStance Health Mission Valley","med_clinic","https://lifestance.com/location/san-diego-ca-8989-rio-san-diego-dr/","+1 619 2728391","","LifeStance Health Mission Valley: 90% automated lead follow-up setup","Hi LifeStance Health Mission Valley team,

I run MYMSAF (MyMultiPlatform Set-and-Forget) for med clinic businesses in San Diego.
We deploy a no-call, mostly automated pipeline for lead response, follow-up, and client reporting.

If useful, I can send a short async audit and projected weekly lift with zero meetings.
Reply YES and I will send the setup outline + pricing.

Dante | MYMSAF","https://www.mymultiplatform.com/set_and_forget/","pending"
"way-1364420842","Look Nails","med_spa","https://looknails.setmore.com","+1-619-460-9934","","Look Nails: 90% automated lead follow-up setup","Hi Look Nails team,

I run MYMSAF (MyMultiPlatform Set-and-Forget) for med spa businesses in San Diego.
We deploy a no-call, mostly automated pipeline for lead response, follow-up, and client reporting.

If useful, I can send a short async audit and projected weekly lift with zero meetings.
Reply YES and I will send the setup outline + pricing.

Dante | MYMSAF","https://www.mymultiplatform.com/set_and_forget/","pending"
"node-5870511586","Maile's Nails","med_spa","https://mailesnails.com/","+1-619-585-4761","","Maile's Nails: 90% automated lead follow-up setup","Hi Maile's Nails team,

I run MYMSAF (MyMultiPlatform Set-and-Forget) for med spa businesses in San Diego.
We deploy a no-call, mostly automated pipeline for lead response, follow-up, and client reporting.

If useful, I can send a short async audit and projected weekly lift with zero meetings.
Reply YES and I will send the setup outline + pricing.

Dante | MYMSAF","https://www.mymultiplatform.com/set_and_forget/","pending"
"node-10894567147","MD Today Urgent Care","med_clinic","https://www.mdtoday.com","+1 858-720-0554","","MD Today Urgent Care: 90% automated lead follow-up setup","Hi MD Today Urgent Care team,

I run MYMSAF (MyMultiPlatform Set-and-Forget) for med clinic businesses in San Diego.
We deploy a no-call, mostly automated pipeline for lead response, follow-up, and client reporting.

If useful, I can send a short async audit and projected weekly lift with zero meetings.
Reply YES and I will send the setup outline + pricing.

Dante | MYMSAF","https://www.mymultiplatform.com/set_and_forget/","pending"
"way-500484731","NTC Medical Clinic","med_clinic","https://sandiego.tricare.mil/Clinics/NBHC-NTC-San-Diego","+1-619-881-9001","","NTC Medical Clinic: 90% automated lead follow-up setup","Hi NTC Medical Clinic team,

I run MYMSAF (MyMultiPlatform Set-and-Forget) for med clinic businesses in San Diego.
We deploy a no-call, mostly automated pipeline for lead response, follow-up, and client reporting.

If useful, I can send a short async audit and projected weekly lift with zero meetings.
Reply YES and I will send the setup outline + pricing.

Dante | MYMSAF","https://www.mymultiplatform.com/set_and_forget/","pending"
"way-31809844","Pacific Sotheby's International Realty","real_estate","https://www.pacificsothebysrealty.com/office/621-b-2170-4000957/pacific-sothebys-international-realty","+1-619-516-8895","","Pacific Sotheby's International Realty: 90% automated lead follow-up setup","Hi Pacific Sotheby's International Realty team,

I run MYMSAF (MyMultiPlatform Set-and-Forget) for real estate businesses in San Diego.
We deploy a no-call, mostly automated pipeline for lead response, follow-up, and client reporting.

If useful, I can send a short async audit and projected weekly lift with zero meetings.
Reply YES and I will send the setup outline + pricing.

Dante | MYMSAF","https://www.mymultiplatform.com/set_and_forget/","pending"
"node-9525434920","Paradise Nails and Spa","med_spa","https://www.paradisenails.com/","+1-619-469-8899","","Paradise Nails and Spa: 90% automated lead follow-up setup","Hi Paradise Nails and Spa team,

I run MYMSAF (MyMultiPlatform Set-and-Forget) for med spa businesses in San Diego.
We deploy a no-call, mostly automated pipeline for lead response, follow-up, and client reporting.

If useful, I can send a short async audit and projected weekly lift with zero meetings.
Reply YES and I will send the setup outline + pricing.

Dante | MYMSAF","https://www.mymultiplatform.com/set_and_forget/","pending"
"node-12724457523","Peacock Nails","med_spa","https://peacocknailsalon.com/lemon-grove","+1-619-698-1466","","Peacock Nails: 90% automated lead follow-up setup","Hi Peacock Nails team,

I run MYMSAF (MyMultiPlatform Set-and-Forget) for med spa businesses in San Diego.
We deploy a no-call, mostly automated pipeline for lead response, follow-up, and client reporting.

If useful, I can send a short async audit and projected weekly lift with zero meetings.
Reply YES and I will send the setup outline + pricing.

Dante | MYMSAF","https://www.mymultiplatform.com/set_and_forget/","pending"
"node-9968736680","Perfection Nails","med_spa","https://perfectionnailselcajon.com/","+1 619 469 2062","","Perfection Nails: 90% automated lead follow-up setup","Hi Perfection Nails team,

I run MYMSAF (MyMultiPlatform Set-and-Forget) for med spa businesses in San Diego.
We deploy a no-call, mostly automated pipeline for lead response, follow-up, and client reporting.

If useful, I can send a short async audit and projected weekly lift with zero meetings.
Reply YES and I will send the setup outline + pricing.

Dante | MYMSAF","https://www.mymultiplatform.com/set_and_forget/","pending"
"node-3311192180","Planned Parenthood","med_clinic","https://www.plannedparenthood.org/health-center/california/el-cajon/92021/el-cajon-health-center-2329-90110#hours-walk-ins","+1-888-743-7526","","Planned Parenthood: 90% automated lead follow-up setup","Hi Planned Parenthood team,

I run MYMSAF (MyMultiPlatform Set-and-Forget) for med clinic businesses in San Diego.
We deploy a no-call, mostly automated pipeline for lead response, follow-up, and client reporting.

If useful, I can send a short async audit and projected weekly lift with zero meetings.
Reply YES and I will send the setup outline + pricing.

Dante | MYMSAF","https://www.mymultiplatform.com/set_and_forget/","pending"
"node-10017006658","Planned Parenthood","med_clinic","https://www.plannedparenthood.org/health-center/california/san-diego/92109/mission-bay-mimi-brien-health-center-2330-90110","+1-888-743-7526","","Planned Parenthood: 90% automated lead follow-up setup","Hi Planned Parenthood team,

I run MYMSAF (MyMultiPlatform Set-and-Forget) for med clinic businesses in San Diego.
We deploy a no-call, mostly automated pipeline for lead response, follow-up, and client reporting.

If useful, I can send a short async audit and projected weekly lift with zero meetings.
Reply YES and I will send the setup outline + pricing.

Dante | MYMSAF","https://www.mymultiplatform.com/set_and_forget/","pending"
"way-31818963","Planned Parenthood - College Avenue Sarah Weddington Health Center","med_clinic","https://www.plannedparenthood.org/health-center/california/san-diego/92115/centro-de-salud-sarah-weddington-college-avenue-2324-90110#hours-walk-ins","+1-888-743-7526","","Planned Parenthood - College Avenue Sarah Weddington Health Center: 90% automated lead follow-up setup","Hi Planned Parenthood - College Avenue Sarah Weddington Health Center team,

I run MYMSAF (MyMultiPlatform Set-and-Forget) for med clinic businesses in San Diego.
We deploy a no-call, mostly automated pipeline for lead response, follow-up, and client reporting.

If useful, I can send a short async audit and projected weekly lift with zero meetings.
Reply YES and I will send the setup outline + pricing.

Dante | MYMSAF","https://www.mymultiplatform.com/set_and_forget/","pending"
"node-9414338727","Revive Lash & Nail","med_spa","http://revivelashandnail.com/","+1-619-466-6854","","Revive Lash & Nail: 90% automated lead follow-up setup","Hi Revive Lash & Nail team,

I run MYMSAF (MyMultiPlatform Set-and-Forget) for med spa businesses in San Diego.
We deploy a no-call, mostly automated pipeline for lead response, follow-up, and client reporting.

If useful, I can send a short async audit and projected weekly lift with zero meetings.
Reply YES and I will send the setup outline + pricing.

Dante | MYMSAF","https://www.mymultiplatform.com/set_and_forget/","pending"
"node-5481062041","San Diego American Indian Health Center","med_clinic","https://sdaihc.org/","+1 619 234 2158","","San Diego American Indian Health Center: 90% automated lead follow-up setup","Hi San Diego American Indian Health Center team,

I run MYMSAF (MyMultiPlatform Set-and-Forget) for med clinic businesses in San Diego.
We deploy a no-call, mostly automated pipeline for lead response, follow-up, and client reporting.

If useful, I can send a short async audit and projected weekly lift with zero meetings.
Reply YES and I will send the setup outline + pricing.

Dante | MYMSAF","https://www.mymultiplatform.com/set_and_forget/","pending"
"node-3674344403","Dental Pacifico","dentist","","(01152664)6343325","zaboriarjo@hotmail.com","Dental Pacifico: 90% automated lead follow-up setup","Hi Dental Pacifico team,

I run MYMSAF (MyMultiPlatform Set-and-Forget) for dentist businesses in San Diego.
We deploy a no-call, mostly automated pipeline for lead response, follow-up, and client reporting.

If useful, I can send a short async audit and projected weekly lift with zero meetings.
Reply YES and I will send the setup outline + pricing.

Dante | MYMSAF","https://www.mymultiplatform.com/set_and_forget/","pending"
"node-5870512085","Pacific Dental","dentist","","+14761600","PacificDental1@gmail.com","Pacific Dental: 90% automated lead follow-up setup","Hi Pacific Dental team,

I run MYMSAF (MyMultiPlatform Set-and-Forget) for dentist businesses in San Diego.
We deploy a no-call, mostly automated pipeline for lead response, follow-up, and client reporting.

If useful, I can send a short async audit and projected weekly lift with zero meetings.
Reply YES and I will send the setup outline + pricing.

Dante | MYMSAF","https://www.mymultiplatform.com/set_and_forget/","pending"
"node-12653491379","Truong Orthodontist","dentist","","+1-858-484-4707","drtruong@post.harvard.edu","Truong Orthodontist: 90% automated lead follow-up setup","Hi Truong Orthodontist team,

I run MYMSAF (MyMultiPlatform Set-and-Forget) for dentist businesses in San Diego.
We deploy a no-call, mostly automated pipeline for lead response, follow-up, and client reporting.

If useful, I can send a short async audit and projected weekly lift with zero meetings.
Reply YES and I will send the setup outline + pricing.

Dante | MYMSAF","https://www.mymultiplatform.com/set_and_forget/","pending"
"node-10848062330","The Beauty Bungalow","med_spa","","+1 619 566 8101","Brittany.duckworth89@gmail.com","The Beauty Bungalow: 90% automated lead follow-up setup","Hi The Beauty Bungalow team,

I run MYMSAF (MyMultiPlatform Set-and-Forget) for med spa businesses in San Diego.
We deploy a no-call, mostly automated pipeline for lead response, follow-up, and client reporting.

If useful, I can send a short async audit and projected weekly lift with zero meetings.
Reply YES and I will send the setup outline + pricing.

Dante | MYMSAF","https://www.mymultiplatform.com/set_and_forget/","pending"
